﻿<?xml version="1.0" encoding="utf-8" ?>
<Dictionary>
  <Words>
    <Recognized>
      <Word>Redirectable</Word>
      <Word>Relaunch</Word>
      <Word>Transcoded</Word>
      <Word>Unlocalized</Word>
      <Word>Cc</Word>      
      <Word>Blu</Word>
      <Word>Multiselect</Word>
      <Word>Precreate</Word>
      <Word>Roamable</Word>
      <Word>Svcd</Word>
      <Word>Vcd</Word>
      <Word>Csc</Word>
      <Word>Oem</Word>
      <Word>Unshare</Word>
      <Word>Param</Word>
    </Recognized>
  </Words>
  <Acronyms>
    <CasingExceptions>      
      <Acronym>API</Acronym>      
      <!-- COME BACK TO FIX THE BELOW -->
      <Acronym>TTYTDD</Acronym>
      <Acronym>SFGAO</Acronym>
      <Acronym>DOP</Acronym>
      <Acronym>DRM</Acronym>
      <Acronym>DTV</Acronym>
      <Acronym>DVDID</Acronym>
      <Acronym>EXIF</Acronym>
      <Acronym>EXIFS</Acronym>
      <Acronym>FRN</Acronym>
      <Acronym>GPS</Acronym>
      <Acronym>ID</Acronym>
      <Acronym>ISO</Acronym>
      <Acronym>LCID</Acronym>
      <Acronym>MCDI</Acronym>
      <Acronym>MIME</Acronym>
      <Acronym>SAP</Acronym>
      <Acronym>ATSC</Acronym>
      <Acronym>CDR</Acronym>
      <Acronym>CDRW</Acronym>
      <Acronym>DOS</Acronym>
      <Acronym>HDDVD</Acronym>
      <Acronym>HDDVDR</Acronym>
      <Acronym>HDDVDRAM</Acronym>
      <Acronym>HDDVDROM</Acronym>
      <Acronym>ROM</Acronym>
      <Acronym>Csc</Acronym>
    </CasingExceptions>
  </Acronyms>
  <DiscreteExceptions>
    <Term>Wildcards</Term>
    <Term>Showplaces</Term>
  </DiscreteExceptions>
</Dictionary>